{
  "view/fragments/duplicate.fragment.xml": 1728369770000,
  "controller/Main.controller.js": 1728456920000,
  "lib/xlsxf.js": 1727895888000,
  "lib/xlsx.js": 1727419162000,
  "lib/jszip.js": 1727419162000,
  "model/models.js": 1727419162000,
  "controller/App.controller.js": 1727419162000,
  "manifest.json": 1743505647065,
  "Component.js": 1727419162000,
  "lib/xlsxf-dbg.js": 1727895888000,
  "lib/xlsxf.js.map": 1743505649047,
  "controller/Main-dbg.controller.js": 1728456920000,
  "controller/Main.controller.js.map": 1743505647267,
  "lib/xlsx-dbg.js": 1727419162000,
  "lib/xlsx.js.map": 1743505648358,
  "lib/jszip-dbg.js": 1727419162000,
  "lib/jszip.js.map": 1743505647873,
  "model/models-dbg.js": 1727419162000,
  "model/models.js.map": 1743505647269,
  "controller/App-dbg.controller.js": 1727419162000,
  "controller/App.controller.js.map": 1743505647269,
  "Component-dbg.js": 1727419162000,
  "Component.js.map": 1743505647271,
  "Component-preload.js": 1743505649499,
  "Component-preload.js.map": 1743505649501,
  "view/fragments/uploadExcel.fragment.xml": 1727931182000,
  "i18n/i18n.properties": 1727419162000,
  "view/Main.view.xml": 1728289650000,
  "view/App.view.xml": 1727419162000,
  "css/style.css": 1727419162000,
  "index.html": 1727419162000
}