{
  "controller/Main-dbg.controller.js": 1728456920000,
  "lib/xlsxf.js": 1727895888000,
  "model/models.js": 1727419162000,
  "lib/xlsx.js": 1727419162000,
  "lib/jszip.js": 1727419162000,
  "controller/Main.controller.js": 1728456920000,
  "controller/App.controller.js": 1727419162000,
  "manifest.json": 1741153158083,
  "Component.js": 1727419162000,
  "i18n/i18n.properties": 1727419162000,
  "controller/Main.controller.js.map": 1741153158277,
  "model/models-dbg.js": 1727419162000,
  "model/models.js.map": 1741153158246,
  "lib/xlsx-dbg.js": 1727419162000,
  "lib/xlsx.js.map": 1741153159392,
  "lib/jszip-dbg.js": 1727419162000,
  "lib/jszip.js.map": 1741153158961,
  "lib/xlsxf-dbg.js": 1727895888000,
  "lib/xlsxf.js.map": 1741153160133,
  "controller/App-dbg.controller.js": 1727419162000,
  "controller/App.controller.js.map": 1741153158278,
  "Component-dbg.js": 1727419162000,
  "Component.js.map": 1741153158331,
  "Component-preload.js": 1741153160598,
  "Component-preload.js.map": 1741153160601,
  "view/fragments/uploadExcel.fragment.xml": 1727931182000,
  "view/fragments/duplicate.fragment.xml": 1728369770000,
  "view/Main.view.xml": 1728289650000,
  "view/App.view.xml": 1727419162000,
  "css/style.css": 1727419162000,
  "index.html": 1727419162000
}