{
  "lib/jszip-dbg.js": 1746774233416,
  "lib/xlsx.js": 1746774233416,
  "lib/xlsxf.js": 1746774233420,
  "model/models.js": 1746774233420,
  "lib/jszip.js": 1746774233416,
  "controller/Main.controller.js": 1746774233416,
  "controller/App.controller.js": 1746774233416,
  "manifest.json": 1746780852109,
  "Component.js": 1746774233416,
  "lib/xlsx-dbg.js": 1746774233416,
  "lib/xlsx.js.map": 1746780853615,
  "lib/xlsxf-dbg.js": 1746774233420,
  "lib/xlsxf.js.map": 1746780854745,
  "model/models-dbg.js": 1746774233420,
  "model/models.js.map": 1746780852343,
  "i18n/i18n.properties": 1746774233416,
  "lib/jszip.js.map": 1746780853174,
  "controller/Main-dbg.controller.js": 1746774233416,
  "controller/Main.controller.js.map": 1746780852374,
  "controller/App-dbg.controller.js": 1746774233416,
  "controller/App.controller.js.map": 1746780852375,
  "Component-dbg.js": 1746774233416,
  "Component.js.map": 1746780852377,
  "Component-preload.js": 1746780855250,
  "Component-preload.js.map": 1746780855252,
  "view/fragments/uploadExcel.fragment.xml": 1746774233420,
  "view/fragments/duplicate.fragment.xml": 1746774233420,
  "view/Main.view.xml": 1746774233420,
  "view/App.view.xml": 1746774233420,
  "css/style.css": 1746774233416,
  "index.html": 1746774233416
}