{
  "lib/xlsx.js": 1727419162000,
  "lib/xlsxf.js": 1727895888000,
  "model/models.js": 1727419162000,
  "i18n/i18n.properties": 1727419162000,
  "lib/jszip.js": 1727419162000,
  "controller/Main.controller.js": 1728456920000,
  "controller/App.controller.js": 1727419162000,
  "manifest.json": 1746550198493,
  "Component.js": 1727419162000,
  "controller/Main-dbg.controller.js": 1728456920000,
  "controller/Main.controller.js.map": 1746550198774,
  "model/models-dbg.js": 1727419162000,
  "model/models.js.map": 1746550198714,
  "lib/xlsx-dbg.js": 1727419162000,
  "lib/xlsx.js.map": 1746550199851,
  "lib/jszip-dbg.js": 1727419162000,
  "lib/jszip.js.map": 1746550199360,
  "lib/xlsxf-dbg.js": 1727895888000,
  "lib/xlsxf.js.map": 1746550200563,
  "controller/App-dbg.controller.js": 1727419162000,
  "controller/App.controller.js.map": 1746550198776,
  "Component-dbg.js": 1727419162000,
  "Component.js.map": 1746550198778,
  "Component-preload.js": 1746550201282,
  "Component-preload.js.map": 1746550201284,
  "view/fragments/uploadExcel.fragment.xml": 1727931182000,
  "view/fragments/duplicate.fragment.xml": 1728369770000,
  "view/Main.view.xml": 1728289650000,
  "view/App.view.xml": 1727419162000,
  "css/style.css": 1727419162000,
  "index.html": 1727419162000
}