{
  "Component-dbg.js": 1727419162000,
  "lib/xlsx.js": 1727419162000,
  "lib/xlsxf.js": 1727895888000,
  "model/models.js": 1727419162000,
  "lib/jszip.js": 1727419162000,
  "controller/Main.controller.js": 1750096521236,
  "controller/App.controller.js": 1727419162000,
  "manifest.json": 1755596011875,
  "Component.js": 1727419162000,
  "lib/jszip-dbg.js": 1727419162000,
  "lib/jszip.js.map": 1755596012625,
  "lib/xlsxf-dbg.js": 1727895888000,
  "lib/xlsxf.js.map": 1755596013681,
  "model/models-dbg.js": 1727419162000,
  "model/models.js.map": 1755596012059,
  "lib/xlsx-dbg.js": 1727419162000,
  "lib/xlsx.js.map": 1755596013018,
  "controller/Main-dbg.controller.js": 1750096521236,
  "controller/Main.controller.js.map": 1755596012129,
  "controller/App-dbg.controller.js": 1727419162000,
  "controller/App.controller.js.map": 1755596012133,
  "i18n/i18n.properties": 1727419162000,
  "Component.js.map": 1755596012134,
  "Component-preload.js": 1755596014961,
  "Component-preload.js.map": 1755596014964,
  "view/fragments/uploadExcel.fragment.xml": 1727931182000,
  "view/fragments/duplicate.fragment.xml": 1728369770000,
  "view/Main.view.xml": 1750096521236,
  "view/App.view.xml": 1727419162000,
  "css/style.css": 1727419162000,
  "index.html": 1727419162000
}