{
  "controller/Main-dbg.controller.js": 1750096521236,
  "lib/xlsx.js": 1727419162000,
  "lib/xlsxf.js": 1727895888000,
  "model/models.js": 1727419162000,
  "lib/jszip.js": 1727419162000,
  "controller/Main.controller.js": 1750096521236,
  "controller/App.controller.js": 1727419162000,
  "manifest.json": 1755664225163,
  "Component.js": 1727419162000,
  "lib/xlsx-dbg.js": 1727419162000,
  "lib/xlsx.js.map": 1755664226199,
  "lib/xlsxf-dbg.js": 1727895888000,
  "lib/xlsxf.js.map": 1755664226844,
  "model/models-dbg.js": 1727419162000,
  "model/models.js.map": 1755664225329,
  "lib/jszip-dbg.js": 1727419162000,
  "lib/jszip.js.map": 1755664225859,
  "i18n/i18n.properties": 1727419162000,
  "controller/Main.controller.js.map": 1755664225376,
  "controller/App-dbg.controller.js": 1727419162000,
  "controller/App.controller.js.map": 1755664225379,
  "Component-dbg.js": 1727419162000,
  "Component.js.map": 1755664225379,
  "Component-preload.js": 1755664227374,
  "Component-preload.js.map": 1755664227376,
  "view/fragments/uploadExcel.fragment.xml": 1727931182000,
  "view/fragments/duplicate.fragment.xml": 1728369770000,
  "view/Main.view.xml": 1750096521236,
  "view/App.view.xml": 1727419162000,
  "css/style.css": 1727419162000,
  "index.html": 1727419162000
}