{
  "controller/App.controller.js.map": 1748259063513,
  "model/models.js": 1746774233420,
  "lib/xlsxf.js": 1746774233420,
  "lib/xlsx.js": 1746774233416,
  "lib/jszip.js": 1746774233416,
  "controller/Main.controller.js": 1746774233416,
  "controller/App.controller.js": 1746774233416,
  "manifest.json": 1748259062795,
  "Component.js": 1746774233416,
  "lib/xlsxf-dbg.js": 1746774233420,
  "lib/xlsxf.js.map": 1748259065414,
  "model/models-dbg.js": 1746774233420,
  "model/models.js.map": 1748259063481,
  "lib/xlsx-dbg.js": 1746774233416,
  "lib/xlsx.js.map": 1748259064497,
  "lib/jszip-dbg.js": 1746774233416,
  "lib/jszip.js.map": 1748259064061,
  "controller/Main-dbg.controller.js": 1746774233416,
  "controller/Main.controller.js.map": 1748259063512,
  "controller/App-dbg.controller.js": 1746774233416,
  "i18n/i18n.properties": 1746774233416,
  "Component-dbg.js": 1746774233416,
  "Component.js.map": 1748259063515,
  "Component-preload.js": 1748259068531,
  "Component-preload.js.map": 1748259068534,
  "view/fragments/uploadExcel.fragment.xml": 1746774233420,
  "view/fragments/duplicate.fragment.xml": 1746774233420,
  "view/Main.view.xml": 1746774233420,
  "view/App.view.xml": 1746774233420,
  "css/style.css": 1746774233416,
  "index.html": 1746774233416
}