{
  "model/models-dbg.js": 1748349870779,
  "controller/App.controller.js": 1748349870775,
  "lib/xlsxf.js": 1748349870779,
  "lib/xlsx.js": 1748349870779,
  "lib/jszip.js": 1748349870775,
  "controller/Main.controller.js": 1748349870775,
  "model/models.js": 1748349870779,
  "manifest.json": 1748494236200,
  "Component.js": 1748349870775,
  "lib/xlsxf-dbg.js": 1748349870779,
  "lib/xlsxf.js.map": 1748494237983,
  "controller/App-dbg.controller.js": 1748349870775,
  "controller/App.controller.js.map": 1748494236387,
  "lib/xlsx-dbg.js": 1748349870779,
  "lib/xlsx.js.map": 1748494237291,
  "lib/jszip-dbg.js": 1748349870775,
  "lib/jszip.js.map": 1748494236951,
  "controller/Main-dbg.controller.js": 1748349870775,
  "controller/Main.controller.js.map": 1748494236444,
  "i18n/i18n.properties": 1748349870775,
  "model/models.js.map": 1748494236445,
  "Component-dbg.js": 1748349870775,
  "Component.js.map": 1748494236446,
  "Component-preload.js": 1748494238514,
  "Component-preload.js.map": 1748494238517,
  "view/fragments/uploadExcel.fragment.xml": 1748349870779,
  "view/fragments/duplicate.fragment.xml": 1748349870779,
  "view/Main.view.xml": 1748349870779,
  "view/App.view.xml": 1748349870779,
  "css/style.css": 1748349870775,
  "index.html": 1748349870775
}