{
  "controller/Main.controller.js": 1750096521236,
  "model/models.js": 1727419162000,
  "lib/xlsxf.js": 1727895888000,
  "lib/xlsx.js": 1727419162000,
  "lib/jszip.js": 1727419162000,
  "i18n/i18n.properties": 1727419162000,
  "controller/App.controller.js": 1727419162000,
  "manifest.json": 1755449256752,
  "Component.js": 1727419162000,
  "controller/Main-dbg.controller.js": 1750096521236,
  "controller/Main.controller.js.map": 1755449256972,
  "lib/xlsxf-dbg.js": 1727895888000,
  "lib/xlsxf.js.map": 1755449258435,
  "lib/xlsx-dbg.js": 1727419162000,
  "lib/xlsx.js.map": 1755449257790,
  "lib/jszip-dbg.js": 1727419162000,
  "lib/jszip.js.map": 1755449257409,
  "model/models-dbg.js": 1727419162000,
  "model/models.js.map": 1755449256975,
  "controller/App-dbg.controller.js": 1727419162000,
  "controller/App.controller.js.map": 1755449256975,
  "Component-dbg.js": 1727419162000,
  "Component.js.map": 1755449256977,
  "Component-preload.js": 1755449258954,
  "Component-preload.js.map": 1755449258956,
  "view/fragments/uploadExcel.fragment.xml": 1727931182000,
  "view/fragments/duplicate.fragment.xml": 1728369770000,
  "view/Main.view.xml": 1750096521236,
  "view/App.view.xml": 1727419162000,
  "css/style.css": 1727419162000,
  "index.html": 1727419162000
}