{
  "controller/Main-dbg.controller.js": 1750096521236,
  "model/models.js": 1727419162000,
  "lib/xlsxf.js": 1727895888000,
  "lib/xlsx.js": 1727419162000,
  "lib/jszip.js": 1727419162000,
  "controller/Main.controller.js": 1750096521236,
  "controller/App.controller.js": 1727419162000,
  "manifest.json": 1753263012194,
  "Component.js": 1727419162000,
  "lib/jszip-dbg.js": 1727419162000,
  "lib/jszip.js.map": 1753263012976,
  "lib/xlsxf-dbg.js": 1727895888000,
  "lib/xlsxf.js.map": 1753263014038,
  "lib/xlsx-dbg.js": 1727419162000,
  "lib/xlsx.js.map": 1753263013372,
  "model/models-dbg.js": 1727419162000,
  "model/models.js.map": 1753263012429,
  "i18n/i18n.properties": 1727419162000,
  "controller/Main.controller.js.map": 1753263012480,
  "controller/App-dbg.controller.js": 1727419162000,
  "controller/App.controller.js.map": 1753263012481,
  "Component-dbg.js": 1727419162000,
  "Component.js.map": 1753263012482,
  "Component-preload.js": 1753263015945,
  "Component-preload.js.map": 1753263015948,
  "view/fragments/uploadExcel.fragment.xml": 1727931182000,
  "view/fragments/duplicate.fragment.xml": 1728369770000,
  "view/Main.view.xml": 1750096521236,
  "view/App.view.xml": 1727419162000,
  "css/style.css": 1727419162000,
  "index.html": 1727419162000
}