{
  "view/App.view.xml": 1727419162000,
  "lib/xlsx.js": 1727419162000,
  "lib/xlsxf.js": 1727895888000,
  "model/models.js": 1727419162000,
  "lib/jszip.js": 1727419162000,
  "controller/Main.controller.js": 1750096521236,
  "controller/App.controller.js": 1727419162000,
  "manifest.json": 1756790492117,
  "Component.js": 1727419162000,
  "lib/xlsx-dbg.js": 1727419162000,
  "lib/xlsx.js.map": 1756790493164,
  "lib/xlsxf-dbg.js": 1727895888000,
  "lib/xlsxf.js.map": 1756790493785,
  "model/models-dbg.js": 1727419162000,
  "model/models.js.map": 1756790492264,
  "lib/jszip-dbg.js": 1727419162000,
  "lib/jszip.js.map": 1756790492779,
  "controller/Main-dbg.controller.js": 1750096521236,
  "controller/Main.controller.js.map": 1756790492293,
  "controller/App-dbg.controller.js": 1727419162000,
  "controller/App.controller.js.map": 1756790492337,
  "Component-dbg.js": 1727419162000,
  "Component.js.map": 1756790492339,
  "Component-preload.js": 1756790494195,
  "Component-preload.js.map": 1756790494198,
  "view/fragments/uploadExcel.fragment.xml": 1727931182000,
  "view/fragments/duplicate.fragment.xml": 1728369770000,
  "view/Main.view.xml": 1750096521236,
  "i18n/i18n.properties": 1727419162000,
  "css/style.css": 1727419162000,
  "index.html": 1727419162000
}