{
  "controller/App.controller.js.map": 1746785593427,
  "lib/xlsxf.js": 1746774233420,
  "model/models.js": 1746774233420,
  "lib/xlsx.js": 1746774233416,
  "lib/jszip.js": 1746774233416,
  "controller/Main.controller.js": 1746774233416,
  "controller/App.controller.js": 1746774233416,
  "manifest.json": 1746785592237,
  "Component.js": 1746774233416,
  "controller/App-dbg.controller.js": 1746774233416,
  "i18n/i18n.properties": 1746774233416,
  "model/models-dbg.js": 1746774233420,
  "model/models.js.map": 1746785593419,
  "lib/xlsx-dbg.js": 1746774233416,
  "lib/xlsx.js.map": 1746785594546,
  "lib/jszip-dbg.js": 1746774233416,
  "lib/jszip.js.map": 1746785594073,
  "controller/Main-dbg.controller.js": 1746774233416,
  "controller/Main.controller.js.map": 1746785593458,
  "lib/xlsxf-dbg.js": 1746774233420,
  "lib/xlsxf.js.map": 1746785595742,
  "Component-dbg.js": 1746774233416,
  "Component.js.map": 1746785593460,
  "Component-preload.js": 1746785597714,
  "Component-preload.js.map": 1746785597717,
  "view/fragments/uploadExcel.fragment.xml": 1746774233420,
  "view/fragments/duplicate.fragment.xml": 1746774233420,
  "view/Main.view.xml": 1746774233420,
  "view/App.view.xml": 1746774233420,
  "css/style.css": 1746774233416,
  "index.html": 1746774233416
}