{
  "model/models.js.map": 1748282836283,
  "Component.js": 1727419162000,
  "lib/xlsxf.js": 1727895888000,
  "lib/xlsx.js": 1727419162000,
  "lib/jszip.js": 1727419162000,
  "controller/Main.controller.js": 1728456920000,
  "controller/App.controller.js": 1727419162000,
  "manifest.json": 1748282836065,
  "model/models.js": 1727419162000,
  "Component-dbg.js": 1727419162000,
  "Component.js.map": 1748282836248,
  "lib/xlsxf-dbg.js": 1727895888000,
  "lib/xlsxf.js.map": 1748282838146,
  "lib/xlsx-dbg.js": 1727419162000,
  "lib/xlsx.js.map": 1748282837378,
  "lib/jszip-dbg.js": 1727419162000,
  "lib/jszip.js.map": 1748282836870,
  "controller/Main-dbg.controller.js": 1728456920000,
  "controller/Main.controller.js.map": 1748282836279,
  "controller/App-dbg.controller.js": 1727419162000,
  "controller/App.controller.js.map": 1748282836281,
  "model/models-dbg.js": 1727419162000,
  "i18n/i18n.properties": 1727419162000,
  "Component-preload.js": 1748282838590,
  "Component-preload.js.map": 1748282838593,
  "view/fragments/uploadExcel.fragment.xml": 1727931182000,
  "view/fragments/duplicate.fragment.xml": 1728369770000,
  "view/Main.view.xml": 1728289650000,
  "view/App.view.xml": 1727419162000,
  "css/style.css": 1727419162000,
  "index.html": 1727419162000
}