{
  "ext/lib/jszip.js.map": 1728553969632,
  "ext/lib/jszip.js": 1727419162000,
  "ext/lib/xlsx.js": 1727419162000,
  "ext/controller/Validate.js": 1727419162000,
  "ext/controller/Upload.js": 1727940060000,
  "ext/controller/Click.js": 1727419162000,
  "manifest.json": 1728553968970,
  "Component.js": 1727419162000,
  "ext/controller/Validate-dbg.js": 1727419162000,
  "ext/controller/Validate.js.map": 1728553969133,
  "ext/lib/xlsx-dbg.js": 1727419162000,
  "ext/lib/xlsx.js.map": 1728553969938,
  "ext/lib/jszip-dbg.js": 1727419162000,
  "i18n/i18n.properties": 1727419162000,
  "ext/controller/Upload-dbg.js": 1727940060000,
  "ext/controller/Upload.js.map": 1728553969140,
  "ext/controller/Click-dbg.js": 1727419162000,
  "ext/controller/Click.js.map": 1728553969135,
  "Component-dbg.js": 1727419162000,
  "Component.js.map": 1728553969136,
  "Component-preload.js": 1728553970258,
  "Component-preload.js.map": 1728553970259,
  "ext/fragments/uploadDialog.fragment.xml": 1727931666000,
  "ext/fragments/duplicate.fragment.xml": 1727419162000,
  "index.html": 1727419162000
}